Shape_Area,ADM3_EN,ADM3_PCODE,ADM2_EN,ADM2_PCODE,ADM1_EN,ADM1_PCODE,Totpop2021_count,Totpop2021_sum,LLG,ADM3_EN_2,District,Province,x,y
2716852045.38073492050,Afore Rural LLG,PG060103,Ijivitari District,PG0601,Northern (Oro) Province,PG06,"71",20908.913951,Afore Rural,Afore Rural LLG,Ijivitari District,Northern (Oro),148.2684135174,-9.2555106976
624989777.79439234734,Agarabi Rural LLG,PG110418,Kainanatu District,PG1104,Eastern Highlands Province,PG11,"79",29529.666012,Agarabi Rural,Agarabi Rural LLG,Kainanatu District,Eastern Highlands,145.9110109669,-6.1658920407
87468282.74444770813,Ahi Rural LLG,PG120515,Lae District,PG1205,Morobe Province,PG12,"57",114071.999993,Ahi Rural,Ahi Rural LLG,Lae District,Morobe,147.0261305586,-6.6801938470
358140959.44515860081,Aiya Rural LLG,PG070332,Kagua/Erave District,PG0703,Southern Highlands Province,PG07,"143",49660.798172,Aiya Rural,Aiya Rural LLG,Kagua/Erave District,Southern Highlands,143.7256232914,-6.3441830274
181574668.69761103392,Albiges/Mablep Rural LLG,PG140310,Maprik District,PG1403,East Sepik Province,PG14,"41",20401.000000,Albiges/Mablep Rural,Albiges/Mablep Rural LLG,Maprik District,East Sepik,142.9638865617,-3.5615532340
1400365040.91676712036,Almami Rural LLG,PG130101,Bogia District,PG1301,Madang Province,PG13,"90",47731.000001,Almami Rural,Almami Rural LLG,Bogia District,Madang,145.1886204129,-4.5075601537
3570113.98491883324,Alotau Urban LLG,PG050107,Alotau District,PG0501,Milne Bay Province,PG05,"23",17109.000001,Alotau Urban,Alotau Urban LLG,Alotau District,Milne Bay Province,150.4464439514,-10.3051531939
2499211846.11692857742,Amanab Rural LLG,PG150412,Vanimo/Green River District,PG1504,West Sepik (Sandaun) Province,PG15,"75",18766.000000,Amanab Rural,Amanab Rural LLG,Vanimo/Green River District,West Sepik (Sandaun),141.3797739183,-3.5166343796
3444189818.37621498108,Amazon Bay Rural LLG,PG030101,Abau District,PG0301,Central Province,PG03,"62",13464.000000,Amazon Bay Rural,Amazon Bay Rural LLG,Abau District,Central,149.2858212161,-10.0827681620
833256121.17489528656,Ambenob Rural LLG,PG130204,Madang District,PG1302,Madang Province,PG13,"142",107456.999999,Ambenob Rural,Ambenob Rural LLG,Madang District,Madang,145.6852766474,-5.1586626067
278454274.78150165081,Ambum Rural LLG,PG080203,Kompiam District,PG0802,Enga Province,PG08,"74",41894.396744,Ambum Rural,Ambum Rural LLG,Kompiam District,Enga,143.6649415988,-5.3847098138
3499589333.16251373291,Ambunti Rural LLG,PG140101,Ambunti/Drekikier District,PG1401,East Sepik Province,PG14,"75",27003.000000,Ambunti Rural,Ambunti Rural LLG,Ambunti/Drekikier District,East Sepik,142.5644687176,-4.1647130883
514668085.05277150869,Anglimp Rural LLG,PG220101,Anglimp/South Waghi District,PG2201,Jiwaka Province,PG22,"139",97008.999999,Anglimp Rural,Anglimp Rural LLG,Anglimp/South Waghi District,Jiwaka,144.3933945879,-5.8993655684
2657642220.18311929703,Angoram/Middle Sepik LLG,PG140205,Angoram District,PG1402,East Sepik Province,PG14,"53",38867.000001,Angoram/Middle Sepik,Angoram/Middle Sepik LLG,Angoram District,East Sepik,143.6574601944,-4.1453917486
2868730462.72464799881,Arabaka Rural LLG,PG130307,Middle Ramu District,PG1303,Madang Province,PG13,"114",47239.000001,Arabaka Rural,Arabaka Rural LLG,Middle Ramu District,Madang,144.6374075305,-4.8734869259
1845669749.96513199806,Arawa LLG,PG200208,Central Bougainville District,PG2002,Autonomous Region of Bougainville,PG20,"189",160276.000003,Arawa,Arawa LLG,Central Bougainville District,Bougainville,155.5335284089,-6.2996532393
1472416738.15290594101,Aroma Rural LLG,PG030102,Abau District,PG0301,Central Province,PG03,"50",29612.000002,Aroma Rural,Aroma Rural LLG,Abau District,Central,148.2432737993,-9.9609271475
1689949960.56548547745,Astrolabe Bay Rural LLG,PG130410,Rai Coast District,PG1304,Madang Province,PG13,"58",39226.000000,Astrolabe Bay Rural,Astrolabe Bay Rural LLG,Rai Coast District,Madang,145.7910732950,-5.5913649172
18423199.13725876063,Attols LLG,PG200106,North Bougainville District,PG2001,Autonomous Region of Bougainville,PG20,"12",2828.000000,Attols,Attols LLG,North Bougainville District,Bougainville,157.4732788132,-4.2341630005
18907455.48581866175,Aua Wuvulu LLG,PG160101,Manus District,PG1601,Manus Province,PG16,"7",1227.000000,Aua Wuvulu,Aua Wuvulu LLG,Manus District,Manus,142.9142917623,-1.6541335241
617121575.43006110191,Awi/Pori Rural LLG,PG210514,Koroba/Kopiago District,PG2105,Hela Province,PG21,"90",36814.000000,Awi/Pori Rural,Awi/Pori Rural LLG,Koroba/Kopiago District,Hela,142.6868945720,-5.4983460344
7368298022.75453567505,Baimuru Rural LLG,PG020207,Kikori District,PG0202,Gulf Province,PG02,"43",15727.000001,Baimuru Rural,Baimuru Rural LLG,Kikori District,Gulf Province,145.0847293167,-7.2554025471
915432733.36162686348,Baiyer Rural LLG,PG090509,Mul/Baiyer District,PG0905,Western Highlands Province,PG09,"63",70430.000000,Baiyer Rural,Baiyer Rural LLG,Mul/Baiyer District,Western Highlands,144.1916314279,-5.4626678664
51968477.57242617756,Balanataman Rural LLG,PG180415,Rabaul District,PG1804,East New Britain Province,PG18,"22",36933.000001,Balanataman Rural,Balanataman Rural LLG,Rabaul District,East New Britain,152.1505393558,-4.2074689528
95570074.76907420158,Bali/Witu Rural LLG,PG190207,Talasea District,PG1902,West New Britain Province,PG19,"38",21414.000001,Bali/Witu Rural,Bali/Witu Rural LLG,Talasea District,West New Britain,149.3590455738,-4.7458268080
2450317.17824153416,Balimo Urban LLG,PG010101,Middle Fly District,PG0101,Western Province,PG01,"6",10289.000001,Balimo Urban LLG,Balimo Urban LLG,Middle Fly District,Western,142.9566566747,-8.0387086867
45066528.48185471445,Balopa LLG,PG160111,Manus District,PG1601,Manus Province,PG16,"15",3079.000000,Balopa,Balopa LLG,Manus District,Manus,147.3280790312,-2.4468620294
9936286141.51497459412,Bamu Rural LLG,PG010102,Middle Fly District,PG0101,Western Province,PG01,"54",20294.354266,Bamu Rural LLG,Bamu Rural LLG,Delta Fly District,Western,143.1415784989,-7.5383769168
460729027.71945154667,Bana LLG,PG200311,South Bougainville District,PG2003,Autonomous Region of Bougainville,PG20,"90",78808.000001,Bana,Bana LLG,South Bougainville District,Bougainville,155.4068000223,-6.4716622473
3913560636.27107715607,Bewani/Wutung Onei Rural LLG,PG150413,Vanimo/Green River District,PG1504,West Sepik (Sandaun) Province,PG15,"62",36200.000000,Bewani/Wutung Onei Rural,Bewani/Wutung Onei Rural LLG,Vanimo/Green River District,West Sepik (Sandaun),141.3408339584,-2.9263707822
2574169995.84897184372,Bialla Rural LLG,PG190206,Talasea District,PG1902,West New Britain Province,PG19,"101",80504.000000,Bialla Rural,Bialla Rural LLG,Nakanai District,West New Britain,151.0319665679,-5.3832649032
273194875.46990716457,Bisikani/Soparibeu LLG,PG160103,Manus District,PG1601,Manus Province,PG16,"16",7039.000000,Bisikani/Soparibeu,Bisikani/Soparibeu LLG,Manus District,Manus,146.6175676460,-2.0751002963
163665651.86934506893,Bitapaka Rural LLG,PG180206,Kokopo District,PG1802,East New Britain Province,PG18,"49",33230.000000,Bitapaka Rural,Bitapaka Rural LLG,Kokopo District,East New Britain,152.3262117552,-4.4139371923
964082874.09385442734,Boikin/Dagua Rural LLG,PG140414,Wewak District,PG1404,East Sepik Province,PG14,"66",22349.000000,Boikin/Dagua Rural,Boikin/Dagua Rural LLG,Wewak District,East Sepik,143.2977764232,-3.4881965118
294531272.26905059814,Bomai/Gumai Rural LLG,PG100204,Gumine District,PG1002,Chimbu (Simbu) Province,PG10,"41",12373.000000,Bomai/Gumai Rural,Bomai/Gumai Rural LLG,Gumine District,Chimbu (Simbu),144.8122707657,-6.1526056932
557221588.74838221073,Buang Rural LLG,PG120129,Bulolo District,PG1201,Morobe Province,PG12,"28",13210.000000,Buang Rural,Buang Rural LLG,Bulolo District,Morobe,146.7696410352,-6.9115882397
1439612217.15200233459,Buin LLG,PG200309,South Bougainville District,PG2003,Autonomous Region of Bougainville,PG20,"111",93583.000000,Buin,Buin LLG,South Bougainville District,Bougainville,155.7268587791,-6.6754314608
611888091.96537399292,Buka LLG,PG200104,North Bougainville District,PG2001,Autonomous Region of Bougainville,PG20,"58",96375.000000,Buka,Buka LLG,North Bougainville District,Bougainville,154.6251907407,-5.2203159133
165535903.03817203641,Bumbita/Muhian Rural LLG,PG140311,Maprik District,PG1403,East Sepik Province,PG14,"40",24045.000000,Bumbita/Muhian Rural,Bumbita/Muhian Rural LLG,Maprik District,East Sepik,142.9029139673,-3.6542835217
2343604943.34990358353,Bundi Rural LLG,PG130615,Usino Bundi District,PG1306,Madang Province,PG13,"62",26524.000001,Bundi Rural,Bundi Rural LLG,Usino Bundi District,Madang,145.1794582668,-5.6691942026
845719446.73739707470,Burui/Kunai Rural LLG,PG140519,Wosera Gawi District,PG1405,East Sepik Province,PG14,"42",20197.000000,Burui/Kunai Rural,Burui/Kunai Rural LLG,Wosera Gawi District,East Sepik,143.1210555397,-3.9949850695
1029970975.26836311817,Burum Kwat LLG,PG120206,Finschafen District,PG1202,Morobe Province,PG12,"54",12061.555981,Hube Rural,Burum Kwat LLG,Finschafen District,Morobe,147.3619972643,-6.5142024772
409084034.38273084164,Bwanabwana Rural LLG,PG050208,Samarai-Murua District,PG0502,Milne Bay Province,PG05,"35",20658.000000,Bwanabwana Rural,Bwanabwana Rural LLG,Samarai-Murua District,Milne Bay Province,150.8293629871,-10.6018017144
134120025.61403927207,Central Gazelle Rural LLG,PG180101,Gazelle District,PG1801,East New Britain Province,PG18,"31",45639.000002,Central Gazelle Rural,Central Gazelle Rural LLG,Gazelle District,East New Britain,152.0801726595,-4.3147416392
1099831780.66095733643,Central Kerema Rural LLG,PG020101,Kerema District,PG0201,Gulf Province,PG02,"47",26704.999999,Central Kerema Rural,Central Kerema Rural LLG,Kerema District,Gulf Province,145.9241053596,-7.9150794515
4316371455.86863899231,Central/Inland Pomio LLG,PG180310,Pomio District,PG1803,East New Britain Province,PG18,"98",26014.000000,Central/Inland Pomio,Central/Inland Pomio LLG,Pomio District,East New Britain,151.5319453941,-5.3091773175
143534768.85099267960,Chuave Rural LLG,PG100101,Chuave District,PG1001,Chimbu (Simbu) Province,PG10,"50",24855.999999,Chuave Rural,Chuave Rural LLG,Chuave District,Chimbu (Simbu),145.1057028555,-6.1169554053
2149715585.73201084137,Cloudy Bay Rural LLG,PG030103,Abau District,PG0301,Central Province,PG03,"56",14466.000001,Cloudy Bay Rural,Cloudy Bay Rural LLG,Abau District,Central,148.6688887576,-10.0527735040
640037698.35692048073,Daga Rural LLG,PG050102,Alotau District,PG0501,Milne Bay Province,PG05,"31",12132.000000,Daga Rural,Daga Rural LLG,Alotau District,Milne Bay Province,149.4721751115,-9.8919901581
19591969.03636699915,Daru Urban LLG,PG010311,South Fly District,PG0103,Western Province,PG01,"32",19397.000001,Daru Urban LLG,Daru Urban LLG,South Fly District,Western,143.2070434764,-9.0830315247
278630012.35779577494,Dei Rural LLG,PG090203,Dei District,PG0902,Western Highlands Province,PG09,"118",53868.513948,Dei Rural,Dei Rural LLG,Dei District,Western Highlands,144.2889496342,-5.6835460960
827751340.59788691998,Deyamos Rural LLG,PG120412,Kabwum District,PG1204,Morobe Province,PG12,"64",17843.000000,Deyamos Rural,Deyamos Rural LLG,Kabwum District,Morobe,147.0101537014,-6.1563916269
902799435.00054085255,Dobu Rural LLG,PG050415,Esa'ala District,PG0504,Milne Bay Province,PG05,"40",61274.000000,Dobu Rural,Dobu Rural LLG,Esa'ala District,Milne Bay Province,150.8232866023,-9.6331518362
653279520.43206560612,Dreikikier Rural LLG,PG140102,Ambunti/Drekikier District,PG1401,East Sepik Province,PG14,"111",36668.000002,Dreikikier Rural,Dreikikier Rural LLG,Ambunti/Drekikier District,East Sepik,142.7498894541,-3.5457413814
660532324.68089985847,Duau Rural LLG,PG050416,Esa'ala District,PG0504,Milne Bay Province,PG05,"30",34739.999998,Duau Rural,Duau Rural LLG,Esa'ala District,Milne Bay Province,151.1147043629,-10.0363966578
64252210.61896293610,Duke of York Rural LLG,PG180207,Kokopo District,PG1802,East New Britain Province,PG18,"24",19947.999999,Duke of York Rural,Duke of York Rural LLG,Kokopo District,East New Britain,152.4493043756,-4.1756967238
508179723.04487192631,Dunantina Rural LLG,PG110315,Henganofi District,PG1103,Eastern Highlands Province,PG11,"198",39806.758538,Dunantina Rural,Dunantina Rural LLG,Henganofi District,Eastern Highlands,145.6973099491,-6.1008530038
2135679781.03964281082,East Aitape Rural LLG,PG150101,Aitape/Lumi District,PG1501,West Sepik (Sandaun) Province,PG15,"78",54713.999999,East Aitape Rural,East Aitape Rural LLG,Aitape/Lumi District,West Sepik (Sandaun),142.5727912137,-3.3317785315
577953310.22965133190,East Kerema Rural LLG,PG020102,Kerema District,PG0201,Gulf Province,PG02,"33",19633.999999,East Kerema Rural,East Kerema Rural LLG,Kerema District,Gulf Province,146.3052674770,-8.3213254615
5546095774.11547565460,East Kikori Rural LLG,PG020208,Kikori District,PG0202,Gulf Province,PG02,"49",19129.000000,East Kikori Rural,East Kikori Rural LLG,Kikori District,Gulf Province,144.4887228307,-7.1269543426
1287917938.17100119591,East Okapa Rural LLG,PG110710,Okapa District,PG1107,Eastern Highlands Province,PG11,"113",29966.926300,East Okapa Rural,East Okapa Rural LLG,Okapa District,Eastern Highlands,145.5965221497,-6.6359789187
903803536.85492873192,East Pangia Rural LLG,PG070101,Ialibu/Pangia District,PG0701,Southern Highlands Province,PG07,"85",29205.000000,East Pangia Rural,East Pangia Rural LLG,Ialibu/Pangia District,Southern Highlands,144.2235303353,-6.3151118673
1514622822.50068140030,East Pomio Rural LLG,PG180311,Pomio District,PG1803,East New Britain Province,PG18,"30",8707.000000,East Pomio Rural,East Pomio Rural LLG,Pomio District,East New Britain,151.9184352628,-5.1745107092
828797022.26249313354,East Wapei Rural LLG,PG150102,Aitape/Lumi District,PG1501,West Sepik (Sandaun) Province,PG15,"53",16956.000000,East Wapei Rural,East Wapei Rural LLG,Aitape/Lumi District,West Sepik (Sandaun),141.9220363868,-3.5939047874
775128509.92325520515,East Yangoru Rural LLG,PG140623,Yangoru Saussia District,PG1406,East Sepik Province,PG14,"49",22909.000000,East Yangoru Rural,East Yangoru Rural LLG,Yangoru Saussia District,East Sepik,143.2974910229,-3.8000335064
222619783.72214654088,Elimbari Rural LLG,PG100102,Chuave District,PG1001,Chimbu (Simbu) Province,PG10,"65",18574.903756,Elimbari Rural,Elimbari Rural LLG,Chuave District,Chimbu (Simbu),145.1294972713,-6.2564152447
2429995734.87826728821,Erave Rural LLG,PG070308,Kagua/Erave District,PG0703,Southern Highlands Province,PG07,"104",23814.000000,Erave Rural,Erave Rural LLG,Kagua/Erave District,Southern Highlands,144.0715508354,-6.6772445933
252860265.96191409230,Fayantina Rural LLG,PG110316,Henganofi District,PG1103,Eastern Highlands Province,PG11,"138",27210.936218,Fayantina Rural,Fayantina Rural LLG,Henganofi District,Eastern Highlands,145.5427264269,-6.3316206747
18845809.02675407007,Finschafen Urban LLG,PG120233,Finschafen District,PG1202,Morobe Province,PG12,"9",5746.906132,Finschafen Urban,Finschafen Urban LLG,Finschafen District,Morobe,147.8413475464,-6.6130953860
936343959.83018338680,Gadsup/Tairora Rural LLG,PG110419,Kainanatu District,PG1104,Eastern Highlands Province,PG11,"123",31888.951192,Gadsup/Tairora Rural,Gadsup/Tairora Rural LLG,Kainanatu District,Eastern Highlands,145.9672159692,-6.3816345987
175199004.31433379650,Gahuku Rural LLG,PG110202,Goroka District,PG1102,Eastern Highlands Province,PG11,"286",109275.266571,Gahuku Rural,Gahuku Rural LLG,Goroka District,Eastern Highlands,145.4114401637,-6.0524339739
1934769269.90657114983,Gama Rural LLG,PG130619,Usino Bundi District,PG1306,Madang Province,PG13,"23",15101.248356,Gama  Rural,Gama Rural LLG,Usino Bundi District,Madang,144.9254035918,-5.2187919417
3414276880.46235895157,Gasmata Rural LLG,PG190101,Kandrian/Gloucester District,PG1901,West New Britain Province,PG19,"42",12767.000000,Gasmata Rural,Gasmata Rural LLG,Kandrian/Gloucester District,West New Britain,150.2641042951,-6.0714023313
477345611.02807325125,Gawanga Rural LLG,PG140103,Ambunti/Drekikier District,PG1401,East Sepik Province,PG14,"30",28569.000000,Gawanga Rural,Gawanga Rural LLG,Ambunti/Drekikier District,East Sepik,142.7350264718,-3.7310772916
1384884781.60400176048,Gawi Rural LLG,PG140520,Wosera Gawi District,PG1405,East Sepik Province,PG14,"41",15790.000000,Gawi Rural,Gawi Rural LLG,Wosera Gawi District,East Sepik,143.1213347161,-4.2374418102
183272215.08036616445,Gena/Waugla Rural LLG,PG100410,Kerowagi District,PG1004,Chimbu (Simbu) Province,PG10,"81",38515.000001,Gena/Waugla Rural,Gena/Waugla Rural LLG,Kerowagi District,Chimbu (Simbu),144.9226406548,-5.9158629732
1411109844.59233093262,Gloucester Rural LLG,PG190102,Kandrian/Gloucester District,PG1901,West New Britain Province,PG19,"61",16184.000000,Gloucester Rural,Gloucester Rural LLG,Kandrian/Gloucester District,West New Britain,148.5383319498,-5.6138256199
7634217254.54217815399,Gogodala Rural LLG,PG010103,Middle Fly District,PG0101,Western Province,PG01,"70",49798.000001,Gogodala Rural LLG,Gogodala Rural LLG,Delta Fly District,Western,142.7005769235,-8.0560247659
705194032.93960309029,Goodenough Island LLG,PG050313,Kiriwina-Goodenough District,PG0503,Milne Bay Province,PG05,"39",46833.303369,Goodenough Isla,Goodenough Island LLG,Kiriwina-Goodenough District,Milne Bay Province,150.2417863773,-9.3489893760
6843310.79244253971,Goroka Urban LLG,PG110203,Goroka District,PG1102,Eastern Highlands Province,PG11,"61",31865.999999,Goroka Urban,Goroka Urban LLG,Goroka District,Eastern Highlands,145.3907640140,-6.0770959949
4339746907.34296703339,Green River Rural LLG,PG150414,Vanimo/Green River District,PG1504,West Sepik (Sandaun) Province,PG15,"70",23757.000000,Green River Rural,Green River Rural LLG,Vanimo/Green River District,West Sepik (Sandaun),141.3601694074,-3.9108588432
2908993475.06920528412,Guari Rural LLG,PG030204,Goilala District,PG0302,Central Province,PG03,"59",5674.000000,Guari Rural,Guari Rural LLG,Goilala District,Central,146.6853920172,-8.0993254078
335275192.26636999846,Gumine Rural LLG,PG100205,Gumine District,PG1002,Chimbu (Simbu) Province,PG10,"51",26295.000000,Gumine Rural,Gumine Rural LLG,Gumine District,Chimbu (Simbu),144.8366418023,-6.2628470020
235222540.32261630893,Hayapuga Rural LLG,PG210827,Tari/Pori District,PG2108,Hela Province,PG21,"21",75061.999998,Hayapuga Rural,Hayapuga Rural LLG,Tari/Pori District,Hela,142.8744125955,-5.9124104941
919644032.23043107986,Higaturu Rural LLG,PG060206,Sohe District,PG0602,Northern (Oro) Province,PG06,"190",72266.000001,Higaturu Rural,Higaturu Rural LLG,Sohe District,Northern (Oro),148.0958211190,-8.7392939213
1637310847.34872674942,Hiri Rural LLG,PG030307,Kairuku - Hiri District,PG0303,Central Province,PG03,"77",73266.000001,Hiri Rural,Hiri Rural LLG,Hiri-Koiari District,Central,147.1471604559,-9.2602340452
581232959.94697725773,Hoskins Rural LLG,PG190208,Talasea District,PG1902,West New Britain Province,PG19,"45",42579.000001,Hoskins Rural,Hoskins Rural LLG,Nakanai District,West New Britain,150.4747722361,-5.5403654225
281955182.82431924343,Hube Rural LLG,PG120232,Finschafen District,PG1202,Morobe Province,PG12,"51",20319.727813,Burum Kwat,Hube Rural LLG,Finschafen District,Morobe,147.5216204454,-6.4169240204
1476090490.74527120590,Huhu Rural LLG,PG050105,Alotau District,PG0501,Milne Bay Province,PG05,"80",67852.999997,Huhu Rural,Huhu Rural LLG,Alotau District,Milne Bay Province,150.3220031769,-10.3875901831
1115702547.80115056038,Hulia Rural LLG,PG210411,Komo/Magarima District,PG2104,Hela Province,PG21,"72",121413.999998,Hulia Rural,Hulia Rural LLG,Hulia District,Hela,143.0402780412,-6.0887775086
84039912.40759856999,Iabu Rural LLG,PG130102,Bogia District,PG1301,Madang Province,PG13,"19",6280.000000,Iabu Rural,Iabu Rural LLG,Bogia District,Madang,145.0334965234,-4.0763124888
330444988.76996290684,Ialibu Basin Rural LLG,PG070205,Imbonggu District,PG0702,Southern Highlands Province,PG07,"91",35564.000000,Ialibu Basin Rural,Ialibu Basin Rural LLG,Imbonggu District,Southern Highlands,143.9659623990,-6.1696134461
32269786.62903779745,Ialibu Urban LLG,PG070102,Ialibu/Pangia District,PG0701,Southern Highlands Province,PG07,"33",18320.000000,Ialibu Urban,Ialibu Urban LLG,Ialibu/Pangia District,Southern Highlands,143.9630516390,-6.2661205717
3352027534.23403167725,Ihu Rural LLG,PG020209,Kikori District,PG0202,Gulf Province,PG02,"70",23883.000000,Ihu Rural,Ihu Rural LLG,Kikori District,Gulf Province,145.4996213614,-7.5855979559
461316085.25848966837,Imbongu Rural LLG,PG070206,Imbonggu District,PG0702,Southern Highlands Province,PG07,"41",49374.000001,Imbongu Rural,Imbongu Rural LLG,Imbonggu District,Southern Highlands,144.0878306112,-6.1274907675
942446790.31725740433,Inland Baining Rural LLG,PG180102,Gazelle District,PG1801,East New Britain Province,PG18,"55",38982.999999,Inland Baining Rural,Inland Baining Rural LLG,Gazelle District,East New Britain,151.9360877685,-4.4464843204
1585948849.01440978050,Jimi Rural LLG,PG220406,Jimi District,PG2204,Jiwaka Province,PG22,"69",46550.000000,Jimi Rural,Jimi Rural LLG,Jimi District,Jiwaka,144.5409916866,-5.4935853147
2641987263.03352308273,Josephstaal Rural LLG,PG130308,Middle Ramu District,PG1303,Madang Province,PG13,"94",30538.000000,Josephstaal Rural,Josephstaal Rural LLG,Middle Ramu District,Madang,145.0867210967,-4.8258208163
279944725.01718389988,Kafentina Rural LLG,PG110304,Henganofi District,PG1103,Eastern Highlands Province,PG11,"143",36443.305245,Kafentina Rural,Kafentina Rural LLG,Henganofi District,Eastern Highlands,145.6862149607,-6.2545774995
456983824.23779493570,Kagua Rural LLG,PG070309,Kagua/Erave District,PG0703,Southern Highlands Province,PG07,"86",40856.201828,Kagua Rural,Kagua Rural LLG,Kagua/Erave District,Southern Highlands,143.8461959715,-6.4455235985
2964999.33342843130,Kainantu Urban LLG,PG110406,Kainanatu District,PG1104,Eastern Highlands Province,PG11,"31",15138.000000,Kainantu Urban,Kainantu Urban LLG,Kainanatu District,Eastern Highlands,145.8646130242,-6.2903717084
598563959.31325900555,Kaintiba Rural LLG,PG020103,Kerema District,PG0201,Gulf Province,PG02,"49",16205.000000,Kaintiba Rural,Kaintiba Rural LLG,Kerema District,Gulf Province,146.0306742667,-7.5248706019
1730343499.93753695488,Kairuku Rural LLG,PG030308,Kairuku - Hiri District,PG0303,Central Province,PG03,"105",33438.999999,Kairuku Rural,Kairuku Rural LLG,Kairuku - Hiri District,Central,146.7984031386,-8.9036091912
138000861.90103086829,Kamano No. 1 Rural LLG,PG110417,Kainanatu District,PG1104,Eastern Highlands Province,PG11,"43",17676.667976,Kamano No. 1 Rural,Kamano No. 1 Rural LLG,Kainanatu District,Eastern Highlands,145.8027534697,-6.2757039408
236116144.55012786388,Kamano No. 2 Rural LLG,PG110405,Kainanatu District,PG1104,Eastern Highlands Province,PG11,"51",13302.714821,Kamano No. 2 Rural,Kamano No. 2 Rural LLG,Kainanatu District,Eastern Highlands,145.7080943460,-6.3866699507
858714115.16255521774,Kandep Rural LLG,PG080101,Kandep District,PG0801,Enga Province,PG08,"68",44215.000000,Kandep Rural,Kandep Rural LLG,Kandep District,Enga,143.5824222516,-5.8053985718
2264485703.93824720383,Kandrian Coastal Rural LLG,PG190103,Kandrian/Gloucester District,PG1901,West New Britain Province,PG19,"57",18582.000000,Kandrian Coastal Rural,Kandrian Coastal Rural LLG,Kandrian/Gloucester District,West New Britain,149.0182579592,-5.9118474844
2523429276.26819086075,Kandrian Inland Rural LLG,PG190104,Kandrian/Gloucester District,PG1901,West New Britain Province,PG19,"80",21250.000000,Kandrian Inland Rural,Kandrian Inland Rural LLG,Kandrian/Gloucester District,West New Britain,149.5803382179,-5.9991014190
1472050504.23513793945,Kapao Rural LLG,PG120730,Menyamya District,PG1207,Morobe Province,PG12,"66",44199.864596,Kapao Rural,Kapao Rural LLG,Menyamya District,Morobe,146.3480745982,-7.3861296152
7649558374.95003223419,Karawari Rural LLG,PG140206,Angoram District,PG1402,East Sepik Province,PG14,"59",27051.000000,Karawari Rural,Karawari Rural LLG,Angoram District,East Sepik,143.3139888232,-4.7578441769
3012782256.79201030731,Karimui Rural LLG,PG100307,Karimui/Nomane District,PG1003,Chimbu (Simbu) Province,PG10,"86",38585.999999,Karimui Rural,Karimui Rural LLG,Karimui/Nomane District,Chimbu (Simbu),144.8650284766,-6.5821463350
191417754.01740542054,Karints Rural LLG,PG070618,Mendi/Munihu District,PG0706,Southern Highlands Province,PG07,"72",40740.000001,Karints Rural,Karints Rural LLG,Mendi/Munihu District,Southern Highlands,143.6057793475,-6.0250910862
434921163.24709349871,Karkar Rural LLG,PG130513,Sumkar District,PG1305,Madang Province,PG13,"107",67991.000000,Karkar Rural,Karkar Rural LLG,Sumkar District,Madang,145.9946165467,-4.6568384672
22642019.32097286731,Kavieng Urban LLG,PG170104,Kavieng District,PG1701,New Ireland Province,PG17,"53",22725.000000,Kavieng Urban,Kavieng Urban LLG,Kavieng District,New Ireland,150.8095708936,-2.5834056913
3430722753.59177446365,Keram Rural LLG,PG140207,Angoram District,PG1402,East Sepik Province,PG14,"71",35462.000000,Keram Rural,Keram Rural LLG,Angoram District,East Sepik,144.1393811442,-4.5177322335
1764278.54979011230,Kerema Urban LLG,PG020104,Kerema District,PG0201,Gulf Province,PG02,"12",8527.000000,Kerema Urban,Kerema Urban LLG,Kerema District,Gulf Province,145.7718297450,-7.9636207390
2099138.45648142695,Kerowagi Urban LLG,PG100420,Kerowagi District,PG1004,Chimbu (Simbu) Province,PG10,"7",7911.204641,Kerowagi Urban,Kerowagi Urban LLG,Kerowagi District,Chimbu (Simbu),144.8571204284,-5.8972424887
256142695.53027781844,Kewabi Rural LLG,PG070103,Ialibu/Pangia District,PG0701,Southern Highlands Province,PG07,"124",38309.000001,Kewabi Rural,Kewabi Rural LLG,Ialibu/Pangia District,Southern Highlands,143.9066663786,-6.2989551417
5087175.18751311675,Kimbe Urban LLG,PG190209,Talasea District,PG1902,West New Britain Province,PG19,"32",23931.999999,Kimbe Urban,Kimbe Urban LLG,Talasea District,West New Britain,150.1469790959,-5.5548880922
1330408946.01907539368,Kira Rural LLG,PG060208,Sohe District,PG0602,Northern (Oro) Province,PG06,"30",3583.000000,Kira Rural,Kira Rural LLG,Sohe District,Northern (Oro),147.3389612460,-8.1127416543
382739490.69031310081,Kiriwina Rural LLG,PG050312,Kiriwina-Goodenough District,PG0503,Milne Bay Province,PG05,"99",51880.000000,Kiriwina Rural,Kiriwina Rural LLG,Kiriwina-Goodenough District,Milne Bay Province,151.0722125894,-8.5653621088
7429425752.55906772614,Kiunga Rural LLG,PG010206,North Fly District,PG0102,Western Province,PG01,"75",23549.000000,Kiunga Rural LLG,Kiunga Rural LLG,North Fly District,Western,141.4100541711,-6.0940762412
17051797.16557730362,Kiunga Urban LLG,PG010207,North Fly District,PG0102,Western Province,PG01,"15",26778.000000,Kiunga Urban LLG,Kiunga Urban LLG,North Fly District,Western,141.2910105177,-6.1207660027
2096379294.73218488693,Kiwai Rural LLG,PG010312,South Fly District,PG0103,Western Province,PG01,"51",27533.000000,Kiwai Rural LLG,Kiwai Rural LLG,South Fly District,Western,143.3021708101,-8.6235700413
3457503968.91344356537,Koiari Rural LLG,PG030309,Kairuku - Hiri District,PG0303,Central Province,PG03,"117",32043.000001,Koiari Rural,Koiari Rural LLG,Hiri-Koiari District,Central,147.4902526317,-9.1964953680
3218363240.36137008667,Kokoda Rural LLG,PG060205,Sohe District,PG0602,Northern (Oro) Province,PG06,"118",29702.000000,Kokoda Rural,Kokoda Rural LLG,Sohe District,Northern (Oro),147.8164453918,-8.9279293933
134898791.82059726119,Kokopo/Vunamami Urban LLG,PG180208,Kokopo District,PG1802,East New Britain Province,PG18,"46",40231.000001,Kokopo/Vunamami Urban,Kokopo/Vunamami Urban LLG,Kokopo District,East New Britain,152.2500812667,-4.3835590094
586692500.42543113232,Kol Rural LLG,PG220407,Jimi District,PG2204,Jiwaka Province,PG22,"58",19964.000000,Kol Rural,Kol Rural LLG,Jimi District,Jiwaka,144.8581003549,-5.6979662837
1090031320.97023177147,Komba Rural LLG,PG120431,Kabwum District,PG1204,Morobe Province,PG12,"35",12971.000000,Komba Rural,Komba Rural LLG,Kabwum District,Morobe,147.3503515002,-6.2479848269
26322087.78568576649,Kombiu Rural LLG,PG180416,Rabaul District,PG1804,East New Britain Province,PG18,"21",18356.000000,Kombiu Rural,Kombiu Rural LLG,Rabaul District,East New Britain,152.2036178734,-4.2083091191
1071998668.55177080631,Kome Rural LLG,PG120721,Menyamya District,PG1207,Morobe Province,PG12,"94",38551.000000,Kome Rural,Kome Rural LLG,Menyamya District,Morobe,145.9877853819,-7.0713221544
1041310518.45320725441,Komo Rural LLG,PG210412,Komo/Magarima District,PG2104,Hela Province,PG21,"51",86355.999999,Komo Rural,Komo Rural LLG,Hulia District,Hela,142.7920653253,-6.0962041825
1914266366.12085819244,Kompiam Rural LLG,PG080204,Kompiam District,PG0802,Enga Province,PG08,"81",35641.065977,Kompiam Rural,Kompiam Rural LLG,Kompiam District,Enga,143.8481298003,-5.2781060799
3127196320.38349390030,Konoagil Rural LLG,PG170207,Namatanai District,PG1702,New Ireland Province,PG17,"52",16734.297439,Konoagil Rural,Konoagil Rural LLG,Namatanai District,New Ireland,152.8598698493,-4.3833669027
2237618498.67822408676,Kotidanga Rural LLG,PG020105,Kerema District,PG0201,Gulf Province,PG02,"54",29197.999999,Kotidanga Rural,Kotidanga Rural LLG,Kerema District,Gulf Province,145.8213515552,-7.5240162116
484899147.30441164970,Kotna Rural LLG,PG090214,Dei District,PG0902,Western Highlands Province,PG09,"175",53749.486051,Kotna Rural,Kotna Rural LLG,Dei District,Western Highlands,144.3887333488,-5.6239358828
390098524.41548651457,Kotte Rural LLG,PG120207,Finschafen District,PG1202,Morobe Province,PG12,"48",16906.000000,Kotte Rural,Kotte Rural LLG,Finschafen District,Morobe,147.7391787691,-6.4339182539
3583690595.64465093613,Kove/Kaliai Rural LLG,PG190105,Kandrian/Gloucester District,PG1901,West New Britain Province,PG19,"76",27080.000000,Kove/Kaliai Rural,Kove/Kaliai Rural LLG,Kandrian/Gloucester District,West New Britain,149.3532701108,-5.6847347319
1686134262.01719474792,Kovon LLG,PG130317,Middle Ramu District,PG1303,Madang Province,PG13,"17",21943.000002,Kovon,Kovon LLG,Middle Ramu District,Madang,144.2919299283,-5.0537022069
363957650.68005996943,Kuare Rural LLG,PG070310,Kagua/Erave District,PG0703,Southern Highlands Province,PG07,"92",28146.000000,Kuare Rural,Kuare Rural LLG,Kagua/Erave District,Southern Highlands,144.0258523782,-6.5262193802
3509371.47720635030,Kundiawa Urban LLG,PG100513,Kundiawa/Gembogl District,PG1005,Chimbu (Simbu) Province,PG10,"29",24414.000000,Kundiawa Urban,Kundiawa Urban LLG,Kundiawa/Gembogl District,Chimbu (Simbu),144.9689139223,-6.0203771116
1052181107.70430886745,Kunua LLG,PG200102,North Bougainville District,PG2001,Autonomous Region of Bougainville,PG20,"53",32017.000001,Kunua,Kunua LLG,North Bougainville District,Bougainville,154.8506979004,-5.8735144497
196194442.90720781684,Kup Rural LLG,PG100412,Kerowagi District,PG1004,Chimbu (Simbu) Province,PG10,"36",21917.000000,Kup Rural,Kup Rural LLG,Kerowagi District,Chimbu (Simbu),144.7969878120,-6.0265883041
838209182.45338511467,Labuta Rural LLG,PG120823,Nawae District,PG1208,Morobe Province,PG12,"33",24544.999999,Labuta Rural,Labuta Rural LLG,Nawae District,Morobe,147.2634703190,-6.6403002956
43424304.71465421468,Lae Urban LLG,PG120516,Lae District,PG1205,Morobe Province,PG12,"185",110910.999996,Lae Urban,Lae Urban LLG,Lae District,Morobe,146.9843509063,-6.7001359490
681284736.58524787426,Lagaip Rural LLG,PG080306,Lagaip/Pogera District,PG0803,Enga Province,PG08,"41",38353.331619,Lagaip Rural,Lagaip Rural LLG,Laigap District,Enga,143.3846247468,-5.4799183026
375518458.51121467352,Lai Valley Rural LLG,PG070619,Mendi/Munihu District,PG0706,Southern Highlands Province,PG07,"97",50273.000002,Lai Valley Rural,Lai Valley Rural LLG,Mendi/Munihu District,Southern Highlands,143.4835159660,-6.0417167693
2745662564.34654474258,Lake Kopiago Rural LLG,PG210515,Koroba/Kopiago District,PG2105,Hela Province,PG21,"204",40931.999999,Lake Kopiago Rural,Lake Kopiago Rural LLG,Koroba/Kopiago District,Hela,142.4818155902,-5.2402918905
2789911318.16679430008,Lake Kutubu Rural LLG,PG070722,Nipa/Kutubu District,PG0707,Southern Highlands Province,PG07,"61",29571.000000,Lake Kutubu Rural,Lake Kutubu Rural LLG,Nipa/Kutubu District,Southern Highlands,143.3809844895,-6.5096037318
12634994336.54103279114,Lake Murray Rural LLG,PG010104,Middle Fly District,PG0101,Western Province,PG01,"43",18510.000000,Lake Murray Rural LLG,Lake Murray Rural LLG,Middle Fly District,Western,141.4674760710,-6.9249010057
2678422575.68802785873,Lakekamu-Tauri Rural LLG,PG020106,Kerema District,PG0201,Gulf Province,PG02,"46",26681.000001,Lakekamu-Tauri Rural,Lakekamu-Tauri Rural LLG,Kerema District,Gulf Province,146.2922920278,-7.8618674399
699467330.41355943680,Lamari Rural LLG,PG110608,Obura/Wonenara District,PG1106,Eastern Highlands Province,PG11,"117",14073.000000,Lamari Rural,Lamari Rural LLG,Obura/Wonenara District,Eastern Highlands,145.8959487289,-6.6334160603
2010185328.94521236420,Lassul Baining Rural LLG,PG180103,Gazelle District,PG1801,East New Britain Province,PG18,"48",19390.999999,Lassul Baining Rural,Lassul Baining Rural LLG,Gazelle District,East New Britain,151.7154141288,-4.5221155974
225947249.45982009172,Lelemadih/Bupichupeu LLG,PG160105,Manus District,PG1601,Manus Province,PG16,"29",9900.000000,Lelemadih/Bupichupeu,Lelemadih/Bupichupeu LLG,Manus District,Manus,147.1989629618,-2.0456390274
115642710.75264850259,Livuan/Reimber Rural LLG,PG180104,Gazelle District,PG1801,East New Britain Province,PG18,"36",38624.999999,Livuan/Reimber Rural,Livuan/Reimber Rural LLG,Gazelle District,East New Britain,152.0617111368,-4.2323242130
8150685.66519930493,Lorengau Urban LLG,PG160106,Manus District,PG1601,Manus Province,PG16,"21",11853.000000,Lorengau Urban,Lorengau Urban LLG,Manus District,Manus,147.2792458900,-2.0357889398
51275437.92844186723,Los Negros LLG,PG160107,Manus District,PG1601,Manus Province,PG16,"15",5348.000000,Los Negros,Los Negros LLG,Manus District,Manus,147.3897535830,-2.0449227833
304326193.85399156809,Louisiade Rural LLG,PG050209,Samarai-Murua District,PG0502,Milne Bay Province,PG05,"103",150674.999997,Louisiade Rural,Louisiade Rural LLG,Samarai-Murua District,Milne Bay Province,152.6553540238,-10.7292316527
1263017407.30987167358,Lovongai Rural LLG,PG170102,Kavieng District,PG1701,New Ireland Province,PG17,"85",31882.000000,Lovongai Rural,Lovongai Rural LLG,Kavieng District,New Ireland,150.2380354781,-2.5298201933
181001893.30000260472,Lower Asaro Rural LLG,PG110112,Daulo District,PG1101,Eastern Highlands Province,PG11,"146",60426.215519,Lower Asaro Rural,Lower Asaro Rural LLG,Daulo District,Eastern Highlands,145.2675664326,-5.9971661638
232755393.89107719064,Lower Benna LLG,PG110811,Unggai/Benna District,PG1108,Eastern Highlands Province,PG11,"138",61446.958506,Lower Benna,Lower Benna LLG,Unggai/Benna District,Eastern Highlands,145.4755343131,-6.1578793110
483968035.98576748371,Lower Mendi Rural LLG,PG070207,Imbonggu District,PG0702,Southern Highlands Province,PG07,"138",45347.000000,Lower Mendi Rural,Lower Mendi Rural LLG,Imbonggu District,Southern Highlands,143.7206390294,-6.1863122599
408073726.84927707911,Lower Wage LLG,PG210413,Komo/Magarima District,PG2104,Hela Province,PG21,"76",42180.650428,Lower Wage,Lower Wage LLG,Komo/Magarima District,Hela,143.2867990034,-6.0832909273
166144053.77107495070,Lumusa Rural LLG,PG090510,Mul/Baiyer District,PG0905,Western Highlands Province,PG09,"52",12738.000000,Lumusa Rural,Lumusa Rural LLG,Mul/Baiyer District,Western Highlands,144.0394362795,-5.5597014261
17846079.80387912691,Madang Urban LLG,PG130205,Madang District,PG1302,Madang Province,PG13,"85",53618.000001,Madang Urban,Madang Urban LLG,Madang District,Madang,145.7852444339,-5.2226153514
1149759580.88127851486,Maimai Wanwan LLG,PG150217,Nuku District,PG1502,West Sepik (Sandaun) Province,PG15,"22",18654.000000,Maimai Wanwan,Maimai Wanwan LLG,Nuku District,West Sepik (Sandaun),142.3784644942,-3.8960087276
1074028784.58564233780,Maip Muritaka Rural LLG,PG080307,Lagaip/Pogera District,PG0803,Enga Province,PG08,"34",26450.000001,Maip Muritaka Rural,Maip Muritaka Rural LLG,Pogera-Paiela District,Enga,143.2468561591,-5.2631552472
1947415149.65364909172,Makamaka Rural LLG,PG050101,Alotau District,PG0501,Milne Bay Province,PG05,"37",20131.000000,Makamaka Rural,Makamaka Rural LLG,Alotau District,Milne Bay Province,149.5369397821,-9.7120309892
159616206.86316180229,Maprik/Wora Rural LLG,PG140312,Maprik District,PG1403,East Sepik Province,PG14,"39",34280.000000,Maprik/Wora Rural,Maprik/Wora Rural LLG,Maprik District,East Sepik,143.0277886471,-3.6441710220
419302748.85291844606,Maramatana Rural LLG,PG050104,Alotau District,PG0501,Milne Bay Province,PG05,"21",28199.000000,Maramatana Rural,Maramatana Rural LLG,Alotau District,Milne Bay Province,150.4142620701,-10.2224535606
546464759.89696526527,Maramuni Rural LLG,PG080412,Wabag District,PG0804,Enga Province,PG08,"19",7020.000000,Maramuni Rural,Maramuni Rural LLG,Wabag District,Enga,143.4899029675,-5.2001900317
3778483838.73247861862,Marienberg Rural LLG,PG140208,Angoram District,PG1402,East Sepik Province,PG14,"64",37329.999999,Marienberg Rural,Marienberg Rural LLG,Angoram District,East Sepik,144.3541097700,-4.1321067680
604593705.51669859886,Mawase Rural LLG,PG150205,Nuku District,PG1502,West Sepik (Sandaun) Province,PG15,"39",34760.000001,Mawase Rural,Mawase Rural LLG,Nuku District,West Sepik (Sandaun),142.5348673061,-3.7552129453
2825212172.28481388092,Mekeo Kuni Rural LLG,PG030310,Kairuku - Hiri District,PG0303,Central Province,PG03,"74",36958.000000,Mekeo Kuni Rural,Mekeo Kuni Rural LLG,Kairuku - Hiri District,Central,146.6815134497,-8.5526106343
1414866071.99242782593,Melkoi Rural LLG,PG180312,Pomio District,PG1803,East New Britain Province,PG18,"52",12739.000000,Melkoi Rural,Melkoi Rural LLG,Pomio District,East New Britain,150.8302179998,-5.8901327884
15155534.57968789339,Mendi Urban LLG,PG070620,Mendi/Munihu District,PG0706,Southern Highlands Province,PG07,"39",40918.000000,Mendi Urban,Mendi Urban LLG,Mendi/Munihu District,Southern Highlands,143.6580860842,-6.1411541154
156579897.92098671198,Mimanalo Rural LLG,PG110214,Goroka District,PG1102,Eastern Highlands Province,PG11,"157",70832.733428,Mimanalo Rural,Mimanalo Rural LLG,Goroka District,Eastern Highlands,145.3540276770,-6.0144246110
235483566.34879136086,Mitnande Rural LLG,PG100514,Kundiawa/Gembogl District,PG1005,Chimbu (Simbu) Province,PG10,"79",23537.000000,Mitnande Rural,Mitnande Rural LLG,Kundiawa/Gembogl District,Chimbu (Simbu),145.0821650455,-5.8662956454
23143791056.80420303345,Morehead Rural LLG,PG010313,South Fly District,PG0103,Western Province,PG01,"72",21617.000000,Morehead Rural LLG,Morehead Rural LLG,South Fly District,Western,141.6996663356,-8.5218147960
1694671521.80839347839,Morobe Rural LLG,PG120309,Huon District,PG1203,Morobe Province,PG12,"40",26858.000000,Morobe Rural,Morobe Rural LLG,Huon District,Morobe,147.4551216265,-7.7380927289
1740531030.55021309853,Mosa Rural LLG,PG190210,Talasea District,PG1902,West New Britain Province,PG19,"33",58233.999998,Mosa Rural,Mosa Rural LLG,Nakanai District,West New Britain,150.3474473544,-5.7680985543
3941742356.66855669022,Mt Bosavi Rural LLG,PG070723,Nipa/Kutubu District,PG0707,Southern Highlands Province,PG07,"54",6162.000000,Mt Bosavi Rural,Mt Bosavi Rural LLG,Nipa/Kutubu District,Southern Highlands,142.9334063978,-6.5777623601
68971302.81129088998,Mt Digine Rural LLG,PG100206,Gumine District,PG1002,Chimbu (Simbu) Province,PG10,"43",23117.000001,Mt Digine Rural,Mt Digine Rural LLG,Gumine District,Chimbu (Simbu),144.9167204853,-6.0737242092
791964169.90289640427,Mt Giluwe Rural LLG,PG090712,Tambul/Nebilyer District,PG0907,Western Highlands Province,PG09,"134",53556.000000,Mt Giluwe Rural,Mt Giluwe Rural LLG,Tambul/Nebilyer District,Western Highlands,143.9751186563,-5.8967672136
301904292.12447774410,Mt Hagen Rural LLG,PG090304,Mt Hagen District,PG0903,Western Highlands Province,PG09,"298",134202.000002,Mt Hagen Rural,Mt Hagen Rural LLG,Mt Hagen District,Western Highlands,144.2384572296,-5.8382358683
9723569.05537961796,Mt Hagen Urban LLG,PG090305,Mt Hagen District,PG0903,Western Highlands Province,PG09,"70",47063.999998,Mt Hagen Urban,Mt Hagen Urban LLG,Mt Hagen District,Western Highlands,144.2315718212,-5.8550511641
498309086.75922113657,Mt. Michael Rural LLG,PG110520,Lufa District,PG1105,Eastern Highlands Province,PG11,"86",21660.225559,Mt. Michael Rural,Mt. Michael Rural LLG,Lufa District,Eastern Highlands,145.3021455422,-6.4065125489
296977495.79099917412,Mul Rural LLG,PG090508,Mul/Baiyer District,PG0905,Western Highlands Province,PG09,"78",54596.999999,Mul Rural,Mul Rural LLG,Mul/Baiyer District,Western Highlands,144.1589202985,-5.7267067495
1311770997.39730429649,Mumeng Rural LLG,PG120101,Bulolo District,PG1201,Morobe Province,PG12,"54",32964.000001,Mumeng Rural,Mumeng Rural LLG,Bulolo District,Morobe,146.5554224991,-6.9349719063
390330670.28876245022,Murat Rural LLG,PG170101,Kavieng District,PG1701,New Ireland Province,PG17,"37",4368.000000,Murat Rural,Murat Rural LLG,Kavieng District,New Ireland,149.6489419948,-1.4561918466
939060253.64387655258,Murua Rural LLG,PG050211,Samarai-Murua District,PG0502,Milne Bay Province,PG05,"26",45878.999999,Murua Rural,Murua Rural LLG,Samarai-Murua District,Milne Bay Province,152.7285526152,-9.1118471436
748742176.22704279423,Nabak Rural LLG,PG120824,Nawae District,PG1208,Morobe Province,PG12,"39",21652.999999,Nabak Rural,Nabak Rural LLG,Nawae District,Morobe,146.9913861705,-6.4553364363
1170238697.26352691650,Naho Rawa Rural LLG,PG130411,Rai Coast District,PG1304,Madang Province,PG13,"41",17082.000001,Naho Rawa Rural,Naho Rawa Rural LLG,Rai Coast District,Madang,146.0585397387,-5.8853672039
162700527.92464298010,Nali Sopat/Penabu LLG,PG160108,Manus District,PG1601,Manus Province,PG16,"18",6350.000000,Nali Sopat/Penabu,Nali Sopat/Penabu LLG,Manus District,Manus,147.1823178378,-2.1384636785
1252303346.84789752960,Namatanai Rural LLG,PG170205,Namatanai District,PG1702,New Ireland Province,PG17,"85",34241.702561,Namatanai Rural,Namatanai Rural LLG,Namatanai District,New Ireland,152.6118505964,-3.8555224852
2337484763.53094196320,Namea Rural LLG,PG150308,Telefomin District,PG1503,West Sepik (Sandaun) Province,PG15,"32",20330.000001,Namea Rural,Namea Rural LLG,Telefomin District,West Sepik (Sandaun),141.9866401270,-3.8820456368
536070159.39678835869,Nanima Kariba LLG,PG120734,Menyamya District,PG1207,Morobe Province,PG12,"45",35017.135407,Nanima Kariba,Nanima Kariba LLG,Menyamya District,Morobe,146.1621023677,-7.4083228435
266472478.01211133599,National Capital District,PG040101,National Capital District,PG0401,National Capital District,PG04,"485",513917.999999,National Capital District,National Capital District,National Capital District,National Capital District,147.1990319393,-9.4369052504
657534126.92467176914,Nayudo Rural LLG,PG130418,Rai Coast District,PG1304,Madang Province,PG13,"29",19097.400601,Nayudo Rural,Nayudo Rural LLG,Rai Coast District,Madang,146.5174102207,-5.8872680521
1000355108.81621944904,Nebilyer Rural LLG,PG090713,Tambul/Nebilyer District,PG0907,Western Highlands Province,PG09,"69",51196.999999,Nebilyer Rural,Nebilyer Rural LLG,Tambul/Nebilyer District,Western Highlands,144.2897799032,-6.0638684605
139742130.75224381685,Nembi Plateau Rural LLG,PG070724,Nipa/Kutubu District,PG0707,Southern Highlands Province,PG07,"21",95221.000000,Nembi Plateau Rural,Nembi Plateau Rural LLG,Nipa/Kutubu District,Southern Highlands,143.4827306667,-6.2730963397
94025302.15222908556,Niglkande Rural LLG,PG100515,Kundiawa/Gembogl District,PG1005,Chimbu (Simbu) Province,PG10,"58",26319.000000,Niglkande Rural,Niglkande Rural LLG,Kundiawa/Gembogl District,Chimbu (Simbu),145.0519092115,-5.9505069849
32795747.46553179994,Nigoherm LLG,PG160102,Manus District,PG1601,Manus Province,PG16,"9",5379.000000,Nigoherm,Nigoherm LLG,Manus District,Manus,144.5982808906,-1.3222020772
218816132.66251781583,Nimamar Rural LLG,PG170209,Namatanai District,PG1702,New Ireland Province,PG17,"50",30688.000000,Nimamar Rural,Nimamar Rural LLG,Namatanai District,New Ireland,152.6017247851,-3.1016565977
2355322804.55557203293,Ningerum Rural LLG,PG010208,North Fly District,PG0102,Western Province,PG01,"85",26058.000001,Ningerum Rural LLG,Ningerum Rural LLG,North Fly District,Western,141.2041308377,-5.6306007065
486934072.41254729033,Nipa Rural LLG,PG070725,Nipa/Kutubu District,PG0707,Southern Highlands Province,PG07,"243",117302.000001,Nipa Rural,Nipa Rural LLG,Nipa/Kutubu District,Southern Highlands,143.3408381996,-6.1961377561
37144509.75204332173,Nissan LLG,PG200105,North Bougainville District,PG2001,Autonomous Region of Bougainville,PG20,"30",8426.000000,Nissan,Nissan LLG,North Bougainville District,Bougainville,154.1956465738,-4.4892632650
21352376482.75238418579,Nomad Rural LLG,PG010105,Middle Fly District,PG0101,Western Province,PG01,"82",23076.000000,Nomad Rural LLG,Nomad Rural LLG,Middle Fly District,Western,142.1834563528,-6.8884993214
269850490.14360445738,Nomane Rural LLG,PG100308,Karimui/Nomane District,PG1003,Chimbu (Simbu) Province,PG10,"46",9443.000000,Nomane Rural,Nomane Rural LLG,Karimui/Nomane District,Chimbu (Simbu),145.0720676870,-6.3619900682
153386826.60279640555,Nondugl Rural LLG,PG220615,North Waghi District,PG2206,Jiwaka Province,PG22,"101",48865.940697,Nondugl Rural,Nondugl Rural LLG,North Waghi District,Jiwaka,144.7656616398,-5.8496934114
1850757341.70439219475,North Koroba Rural LLG,PG210516,Koroba/Kopiago District,PG2105,Hela Province,PG21,"85",40224.000000,North Koroba Rural,North Koroba Rural LLG,Koroba/Kopiago District,Hela,142.4686586206,-5.6520041428
316938345.89208662510,North Waghi Rural LLG,PG220611,North Waghi District,PG2206,Jiwaka Province,PG22,"171",89238.059302,North Waghi Rural,North Waghi Rural LLG,North Waghi District,Jiwaka,144.6235743117,-5.7667768710
438957161.38925743103,North Wosera Rural LLG,PG140521,Wosera Gawi District,PG1405,East Sepik Province,PG14,"37",27276.999999,North Wosera Rural,North Wosera Rural LLG,Wosera Gawi District,East Sepik,142.8237453762,-3.8428978923
254420464.93161499500,Numbor Rural LLG,PG140624,Yangoru Saussia District,PG1406,East Sepik Province,PG14,"48",17112.000000,Numbor Rural,Numbor Rural LLG,Yangoru Saussia District,East Sepik,143.4683906367,-3.6791319412
3496738691.66532087326,Oksapmin Rural LLG,PG150309,Telefomin District,PG1503,West Sepik (Sandaun) Province,PG15,"25",31631.000000,Oksapmin Rural,Oksapmin Rural LLG,Telefomin District,West Sepik (Sandaun),142.1197576338,-4.9966036912
3639061946.39825534821,Olsobip Rural LLG,PG010209,North Fly District,PG0102,Western Province,PG01,"34",6720.000000,Olsobip Rural LLG,Olsobip Rural LLG,North Fly District,Western,141.7517521792,-5.4647649485
1709323618.80472660065,Onga/Waffa Rural LLG,PG120617,Markham District,PG1206,Morobe Province,PG12,"41",15970.999999,Onga/Waffa Rural,Onga/Waffa Rural LLG,Markham District,Morobe,146.1788985710,-6.6195255319
6284671630.21016597748,Oriomo-Bituri Rural LLG,PG010314,South Fly District,PG0103,Western Province,PG01,"66",15888.000000,Oriomo-Bituri Rural LLG,Oriomo-Bituri Rural LLG,South Fly District,Western,142.8580911158,-8.8562048612
1602044753.49001884460,Oro Bay Rural LLG,PG060101,Ijivitari District,PG0601,Northern (Oro) Province,PG06,"128",41507.000001,Oro Bay Rural,Oro Bay Rural LLG,Popondentta District,Northern (Oro),148.3254841645,-8.6927470990
1945259686.89920926094,Paiela/Hewa Rural LLG,PG080308,Lagaip/Pogera District,PG0803,Enga Province,PG08,"26",13699.000000,Paiela/Hewa Rural,Paiela/Hewa Rural LLG,Pogera-Paiela District,Enga,142.8915344876,-5.3487372735
1010823020.34004938602,Palmai Rural LLG,PG150206,Nuku District,PG1502,West Sepik (Sandaun) Province,PG15,"53",23184.000000,Palmai Rural,Palmai Rural LLG,Nuku District,West Sepik (Sandaun),142.4459839198,-3.5283938791
575060712.28101348877,Pilikambi Rural LLG,PG080315,Lagaip/Pogera District,PG0803,Enga Province,PG08,"49",31417.668383,Pilikambi Rural,Pilikambi Rural LLG,Laigap District,Enga,143.5971372572,-5.6275338424
558853948.05850350857,Pobuma LLG,PG160110,Manus District,PG1601,Manus Province,PG16,"19",8102.000000,Pobuma,Pobuma LLG,Manus District,Manus,146.8134465077,-2.1416092417
459558982.27166062593,Pomutu/Kurti/Andra LLG,PG160104,Manus District,PG1601,Manus Province,PG16,"19",8205.000000,Pomutu/Kurti/Andra,Pomutu/Kurti/Andra LLG,Manus District,Manus,146.9101138595,-2.0195065964
443849372.19364595413,Popondetta Urban LLG,PG060104,Ijivitari District,PG0601,Northern (Oro) Province,PG06,"92",42363.000000,Popondetta Urban,Popondetta Urban LLG,Popondentta District,Northern (Oro),148.2559315719,-8.8187346986
536995887.86304605007,Porgera Rural LLG,PG080309,Lagaip/Pogera District,PG0803,Enga Province,PG08,"42",81121.000000,Porgera Rural,Porgera Rural LLG,Pogera-Paiela District,Enga,143.1240390639,-5.4118454337
309045124.55660372972,Poroma Rural LLG,PG070726,Nipa/Kutubu District,PG0707,Southern Highlands Province,PG07,"246",94347.999999,Poroma Rural,Poroma Rural LLG,Nipa/Kutubu District,Southern Highlands,143.5906818149,-6.3371403086
11813227.65487883799,Rabaul Urban LLG,PG180417,Rabaul District,PG1804,East New Britain Province,PG18,"31",4960.000000,Rabaul Urban,Rabaul Urban LLG,Rabaul District,East New Britain,152.1798687434,-4.2029964800
2177762583.21627187729,Rai Coast Rural LLG,PG130412,Rai Coast District,PG1304,Madang Province,PG13,"157",40048.599399,Rai Coast Rural,Rai Coast Rural LLG,Rai Coast District,Madang,146.4449212017,-5.6373492760
40271683.69912494719,Raluana Rural LLG,PG180209,Kokopo District,PG1802,East New Britain Province,PG18,"21",23654.999998,Raluana Rural,Raluana Rural LLG,Kokopo District,East New Britain,152.1914743417,-4.3240924093
131291547.02313095331,Rapatona LLG,PG160112,Manus District,PG1601,Manus Province,PG16,"18",4086.000000,Rapatona,Rapatona LLG,Manus District,Manus,147.7927252681,-2.2516891090
1252153266.99419903755,Rigo Central Rural LLG,PG030411,Rigo District,PG0304,Central Province,PG03,"62",22402.000000,Rigo Central Rural,Rigo Central Rural LLG,Rigo District,Central,147.6422752096,-9.6945082176
518628504.35582691431,Rigo Coastal Rural LLG,PG030412,Rigo District,PG0304,Central Province,PG03,"30",26178.000000,Rigo Coastal Rural,Rigo Coastal Rural LLG,Rigo District,Central,147.6804688366,-9.9411573162
3243682441.58775568008,Rigo Inland Rural LLG,PG030413,Rigo District,PG0304,Central Province,PG03,"138",24142.000000,Rigo Inland Rural,Rigo Inland Rural LLG,Rigo District,Central,147.9387509010,-9.6655734353
5519079875.05069351196,Safia Rural LLG,PG060109,Ijivitari District,PG0601,Northern (Oro) Province,PG06,"56",9812.086050,Safia Rural,Safia Rural LLG,Ijivitari District,Northern (Oro),148.6662877994,-9.5374673526
1254328489.88664007187,Salamaua Rural LLG,PG120310,Huon District,PG1203,Morobe Province,PG12,"55",17756.000000,Salamaua Rural,Salamaua Rural LLG,Huon District,Morobe,146.9771504263,-7.1858245802
209860824.10063171387,Salt Rural LLG,PG100309,Karimui/Nomane District,PG1003,Chimbu (Simbu) Province,PG10,"56",19570.000000,Salt Rural,Salt Rural LLG,Karimui/Nomane District,Chimbu (Simbu),144.9786285420,-6.2770466151
1338078296.27925634384,Sausso Rural LLG,PG140625,Yangoru Saussia District,PG1406,East Sepik Province,PG14,"41",15734.000000,Sausso Rural,Sausso Rural LLG,Yangoru Saussia District,East Sepik,143.5856924927,-3.8740541734
442990112.64468920231,Selau/Suir LLG,PG200103,North Bougainville District,PG2001,Autonomous Region of Bougainville,PG20,"42",30930.999998,Selau/Suir,Selau/Suir LLG,North Bougainville District,Bougainville,154.8339087174,-5.5742592985
306399077.00226426125,Selepet Rural LLG,PG120435,Kabwum District,PG1204,Morobe Province,PG12,"27",15910.000000,Selepet Rural,Selepet Rural LLG,Kabwum District,Morobe,147.1565762646,-6.2394773833
1817723268.28541374207,Sentral Niu Ailan Rural LLG,PG170206,Namatanai District,PG1702,New Ireland Province,PG17,"109",37894.999999,Sentral Niu Ailan Rural,Sentral Niu Ailan Rural LLG,Namatanai District,New Ireland,151.8852068632,-3.2049924080
876446509.97537016869,Sialum Rural LLG,PG120926,Tawae/Siassi District,PG1209,Morobe Province,PG12,"63",24595.000000,Sialum Rural,Sialum Rural LLG,Tawae/Siassi District,Morobe,147.5619651923,-6.1719096355
202563136.04456457496,Siane Rural LLG,PG100103,Chuave District,PG1001,Chimbu (Simbu) Province,PG10,"92",19564.096244,Siane Rural,Siane Rural LLG,Chuave District,Chimbu (Simbu),145.2131286193,-6.2142969211
965557882.75661909580,Siassi Rural LLG,PG120927,Tawae/Siassi District,PG1209,Morobe Province,PG12,"44",10722.000000,Siassi Rural,Siassi Rural LLG,Tawae/Siassi District,Morobe,147.9139230609,-5.6116580335
584535367.60972511768,Simbai Rural LLG,PG130309,Middle Ramu District,PG1303,Madang Province,PG13,"27",32447.999999,Simbai Rural,Simbai Rural LLG,Middle Ramu District,Madang,144.5822096216,-5.2212181978
2436652289.84455251694,Sinivit Rural LLG,PG180313,Pomio District,PG1803,East New Britain Province,PG18,"62",26661.999999,Sinivit Rural,Sinivit Rural LLG,Pomio District,East New Britain,152.1267687040,-4.7347004747
731446634.66072106361,Siwai LLG,PG200310,South Bougainville District,PG2003,Autonomous Region of Bougainville,PG20,"93",34249.000000,Siwai,Siwai LLG,South Bougainville District,Bougainville,155.4557285087,-6.6444717895
253865220.08225747943,South Koroba Rural LLG,PG210517,Koroba/Kopiago District,PG2105,Hela Province,PG21,"73",86423.000002,South Koroba Rural,South Koroba Rural LLG,Koroba/Kopiago District,Hela,142.7819334268,-5.8105049698
1706817226.79018759727,South Waghi Rural LLG,PG220102,Anglimp/South Waghi District,PG2201,Jiwaka Province,PG22,"308",149869.000001,South Waghi Rural,South Waghi Rural LLG,Anglimp/South Waghi District,Jiwaka,144.5926617851,-6.0832165040
459772523.97513169050,South Wosera Rural LLG,PG140522,Wosera Gawi District,PG1405,East Sepik Province,PG14,"60",34606.000000,South Wosera Rural,South Wosera Rural LLG,Wosera Gawi District,East Sepik,143.0087960106,-3.8378648918
1581789074.58970975876,Star Mountains Rural LLG,PG010210,North Fly District,PG0102,Western Province,PG01,"32",25153.999999,Star Mountains Rural LLG,Star Mountains Rural LLG,North Fly District,Western,141.1903239522,-5.2163108962
155168414.97650361061,Suai Rural LLG,PG100618,Sina Sina Yonggomugl District,PG1006,Chimbu (Simbu) Province,PG10,"77",24944.000001,Suai Rural,Suai Rural LLG,Sina Sina Yonggomugl District,Chimbu (Simbu),144.9916972778,-6.1325809028
1828784279.40840101242,Suau Rural LLG,PG050106,Alotau District,PG0501,Milne Bay Province,PG05,"36",27304.000001,Suau Rural,Suau Rural LLG,Alotau District,Milne Bay Province,150.0621559558,-10.4629998482
1501533273.91941094398,Sumgilbar Rural LLG,PG130514,Sumkar District,PG1305,Madang Province,PG13,"124",54914.000000,Sumgilbar Rural,Sumgilbar Rural LLG,Sumkar District,Madang,145.5518035578,-4.7853053390
80862237.51991972327,Tabare Rural LLG,PG100617,Sina Sina Yonggomugl District,PG1006,Chimbu (Simbu) Province,PG10,"65",24732.000000,Tabare Rural,Tabare Rural LLG,Sina Sina Yonggomugl District,Chimbu (Simbu),145.0519804984,-6.0878634314
534954983.85841715336,Tagali Rural LLG,PG210828,Tari/Pori District,PG2108,Hela Province,PG21,"24",46767.999999,Tagali Rural,Tagali Rural LLG,Tari/Pori District,Hela,142.9507530807,-5.7253842667
2174546891.38929796219,Talasea Rural LLG,PG190211,Talasea District,PG1902,West New Britain Province,PG19,"50",33817.000001,Talasea Rural,Talasea Rural LLG,Talasea District,West New Britain,149.9924972200,-5.5482675076
4355279397.03618907928,Tamata Rural LLG,PG060207,Sohe District,PG0602,Northern (Oro) Province,PG06,"92",24884.000000,Tamata Rural,Tamata Rural LLG,Sohe District,Northern (Oro),147.8083331362,-8.3320196060
174549849.97054705024,Tanir Rural LLG,PG170208,Namatanai District,PG1702,New Ireland Province,PG17,"38",15271.000000,Tanir Rural,Tanir Rural LLG,Namatanai District,New Ireland,153.4899560442,-3.8270228056
1494920692.76306843758,Tapini Rural LLG,PG030205,Goilala District,PG0302,Central Province,PG03,"69",19087.000000,Tapini Rural,Tapini Rural LLG,Goilala District,Central,147.0490215417,-8.2929884098
22272710.32751482725,Tari Urban LLG,PG210829,Tari/Pori District,PG2108,Hela Province,PG21,"16",94822.999998,Tari Urban,Tari Urban LLG,Tari/Pori District,Hela,142.9412231242,-5.8512763124
268073581.18042638898,Tebi Rural LLG,PG210830,Tari/Pori District,PG2108,Hela Province,PG21,"18",58303.999999,Tebi Rural,Tebi Rural LLG,Tari/Pori District,Hela,143.0688658432,-5.8388771779
3833684836.80500602722,Telefomin Rural LLG,PG150310,Telefomin District,PG1503,West Sepik (Sandaun) Province,PG15,"70",18436.000000,Telefomin Rural,Telefomin Rural LLG,Telefomin District,West Sepik (Sandaun),141.6881494493,-4.9015341936
171801849.43414315581,Tetidu LLG,PG160109,Manus District,PG1601,Manus Province,PG16,"13",3979.000000,Tetidu,Tetidu LLG,Manus District,Manus,147.0564681372,-2.1226783482
1311256671.38931655884,Tikana Rural LLG,PG170103,Kavieng District,PG1701,New Ireland Province,PG17,"92",38546.000001,Tikana Rural,Tikana Rural LLG,Kavieng District,New Ireland,151.0796231657,-2.8427241900
630652731.66602683067,Tinputz LLG,PG200101,North Bougainville District,PG2001,Autonomous Region of Bougainville,PG20,"56",32581.000000,Tinputz,Tinputz LLG,North Bougainville District,Bougainville,154.9987372932,-5.6945495565
970335494.71773600578,Torokina LLG,PG200312,South Bougainville District,PG2003,Autonomous Region of Bougainville,PG20,"51",10253.000000,Torokina,Torokina LLG,South Bougainville District,Bougainville,155.1867877354,-6.3069021377
1845023577.36856675148,Transgogol Rural LLG,PG130206,Madang District,PG1302,Madang Province,PG13,"85",30217.000000,Transgogol Rural,Transgogol Rural LLG,Madang District,Madang,145.4470545559,-5.1428621946
468677452.25583213568,Tsak Rural LLG,PG080514,Wapenamanda District,PG0805,Enga Province,PG08,"34",26494.000002,Tsak Rural,Tsak Rural LLG,Wapenamanda District,Enga,143.8016076974,-5.7116637414
2506365909.42192411423,Tufi Rural LLG,PG060102,Ijivitari District,PG0601,Northern (Oro) Province,PG06,"108",26166.999999,Tufi Rural,Tufi Rural LLG,Ijivitari District,Northern (Oro),149.1215403519,-9.3649127943
10209115547.84278678894,Tunap/Hustein LLG,PG140104,Ambunti/Drekikier District,PG1401,East Sepik Province,PG14,"86",19184.000000,Tunap/Hustein,Tunap/Hustein LLG,Ambunti/Drekikier District,East Sepik,142.1754513804,-4.4891982304
774678220.65484297276,Turubu Rural LLG,PG140415,Wewak District,PG1404,East Sepik Province,PG14,"56",17991.000000,Turubu Rural LLG,Turubu Rural LLG,Wewak District,East Sepik,143.8512934979,-3.8007690900
1665030789.05591392517,Umi/Atzera Rural LLG,PG120618,Markham District,PG1206,Morobe Province,PG12,"129",66894.000000,Umi/Atzera Rural,Umi/Atzera Rural LLG,Markham District,Morobe,146.2192076089,-6.2065386899
584605218.44716155529,Unavi Rural LLG,PG110507,Lufa District,PG1105,Eastern Highlands Province,PG11,"33",6847.000000,Unavi Rural,Unavi Rural LLG,Lufa District,Eastern Highlands,145.1375896329,-6.5220249632
265544444.06589737535,Unggai Rural LLG,PG110824,Unggai/Benna District,PG1108,Eastern Highlands Province,PG11,"115",33812.000001,Unggai  Rural,Unggai Rural LLG,Unggai/Benna District,Eastern Highlands,145.3218445214,-6.1914203376
260505646.39534208179,Upper Asaro Rural LLG,PG110113,Daulo District,PG1101,Eastern Highlands Province,PG11,"62",18334.953876,Upper Asaro Rural,Upper Asaro Rural LLG,Daulo District,Eastern Highlands,145.2552806637,-5.9131600657
405633932.51458352804,Upper Bena Rural LLG,PG110823,Unggai/Benna District,PG1108,Eastern Highlands Province,PG11,"157",37411.041493,Upper Bena Rural,Upper Bena Rural LLG,Unggai/Benna District,Eastern Highlands,145.5728866494,-6.0312277350
549178927.25978815556,Upper Mendi Rural LLG,PG070621,Mendi/Munihu District,PG0706,Southern Highlands Province,PG07,"27",57299.000000,Upper Mendi Rural,Upper Mendi Rural LLG,Mendi/Munihu District,Southern Highlands,143.7605081601,-6.0230145743
670925667.28198838234,Upper Wage LLG,PG210431,Komo/Magarima District,PG2104,Hela Province,PG21,"88",35841.349571,Upper Wage,Upper Wage LLG,Komo/Magarima District,Hela,143.2452766221,-5.8946075749
226439313.62715908885,Upper/Lower Koronigl LLG,PG100411,Kerowagi District,PG1004,Chimbu (Simbu) Province,PG10,"89",54701.795359,Upper/Lower Koronigl,Upper/Lower Koronigl LLG,Kerowagi District,Chimbu (Simbu),144.8933098576,-5.8438709734
2830309620.15281772614,Usino Rural LLG,PG130616,Usino Bundi District,PG1306,Madang Province,PG13,"117",74459.751645,Usino Rural,Usino Rural LLG,Usino Bundi District,Madang,145.4233541596,-5.5832445179
10416707.24894245155,Vanimo Urban LLG,PG150415,Vanimo/Green River District,PG1504,West Sepik (Sandaun) Province,PG15,"26",26495.000000,Vanimo Urban,Vanimo Urban LLG,Vanimo/Green River District,West Sepik (Sandaun),141.3086820182,-2.6962483208
165170445.06635087729,Vunadidir/Toma Rural LLG,PG180105,Gazelle District,PG1801,East New Britain Province,PG18,"37",41836.000000,Vunadidir/Toma Rural,Vunadidir/Toma Rural LLG,Gazelle District,East New Britain,152.1359736287,-4.3979235573
399785231.88947117329,Wabag Rural LLG,PG080411,Wabag District,PG0804,Enga Province,PG08,"106",110279.000000,Wabag Rural,Wabag Rural LLG,Wabag District,Enga,143.6960552307,-5.5051201877
1103298.84118588478,Wabag Urban LLG,PG080410,Wabag District,PG0804,Enga Province,PG08,"13",7064.000000,Wabag Urban,Wabag Urban LLG,Wabag District,Enga,143.7247699935,-5.4954782484
1159291402.44223952293,Wage Rural LLG,PG080102,Kandep District,PG0801,Enga Province,PG08,"116",47865.000000,Wage Rural,Wage Rural LLG,Kandep District,Enga,143.2749908339,-5.6970809442
914617764.95603036880,Wain-Erap Rural LLG,PG120825,Nawae District,PG1208,Morobe Province,PG12,"80",57188.000002,Wain-Erap Rural,Wain-Erap Rural LLG,Nawae District,Morobe,146.7247421665,-6.3946065896
105457815.14824205637,Waiye LLG,PG100516,Kundiawa/Gembogl District,PG1005,Chimbu (Simbu) Province,PG10,"77",62328.000000,Waiye,Waiye LLG,Kundiawa/Gembogl District,Chimbu (Simbu),144.9297492080,-5.9998922009
1159037361.61653709412,Wakunai LLG,PG200207,Central Bougainville District,PG2002,Autonomous Region of Bougainville,PG20,"84",61104.000002,Wakunai,Wakunai LLG,Central Bougainville District,Bougainville,155.1517957794,-5.9387066785
1965502331.13143968582,Walsa Rural LLG,PG150416,Vanimo/Green River District,PG1504,West Sepik (Sandaun) Province,PG15,"40",12835.000000,Walsa Rural,Walsa Rural LLG,Vanimo/Green River District,West Sepik (Sandaun),141.2853614731,-3.2751068083
2685258550.55883169174,Wampar Rural LLG,PG120311,Huon District,PG1203,Morobe Province,PG12,"135",137823.999998,Wampar Rural,Wampar Rural LLG,Huon District,Morobe,146.5779812870,-6.6819236154
1113722898.83630251884,Wantoat/Leron Rural LLG,PG120619,Markham District,PG1206,Morobe Province,PG12,"103",26895.000000,Wantoat/Leron Rural,Wantoat/Leron Rural LLG,Markham District,Morobe,146.4882160589,-6.1877885322
546063427.52496588230,Wapenamanda Rural LLG,PG080513,Wapenamanda District,PG0805,Enga Province,PG08,"74",52177.999999,Wapenamanda Rural,Wapenamanda Rural LLG,Wapenamanda District,Enga,143.9363204659,-5.6347381144
735913880.55279076099,Wapi-Yengis Rural LLG,PG080205,Kompiam District,PG0802,Enga Province,PG08,"21",7368.537280,Wapi-Yengis Rural,Wapi-Yengis Rural LLG,Kompiam District,Enga,144.0546810807,-5.1673563947
593535890.19242155552,Wapi Rural LLG,PG120722,Menyamya District,PG1207,Morobe Province,PG12,"49",33073.000000,Wapi Rural,Wapi Rural LLG,Menyamya District,Morobe,146.1083799529,-7.1789621287
3170513347.77784490585,Waria Rural LLG,PG120102,Bulolo District,PG1201,Morobe Province,PG12,"60",17276.000000,Waria Rural,Waria Rural LLG,Wau-Waria District,Morobe,147.0882511612,-7.7962374442
815458599.12377381325,Wasu Rural LLG,PG120928,Tawae/Siassi District,PG1209,Morobe Province,PG12,"46",22735.000000,Wasu Rural,Wasu Rural LLG,Tawae/Siassi District,Morobe,147.0906936588,-5.9766421057
168106557.87468335032,Watabung Rural LLG,PG110101,Daulo District,PG1101,Eastern Highlands Province,PG11,"75",17256.830603,Watabung Rural,Watabung Rural LLG,Daulo District,Eastern Highlands,145.1841564668,-6.0607207750
13166975.27768982016,Watom Island Rual LLG,PG180418,Rabaul District,PG1804,East New Britain Province,PG18,"7",3682.000000,Watom Island Rual,Watom Island Rual LLG,Rabaul District,East New Britain,152.0704526492,-4.1093389356
1358079354.08296942711,Watut Rural LLG,PG120103,Bulolo District,PG1201,Morobe Province,PG12,"58",37930.999999,Watut Rural,Watut Rural LLG,Bulolo District,Morobe,146.5424522297,-7.2348637251
2346922135.20196962357,Wau Rural LLG,PG120105,Bulolo District,PG1201,Morobe Province,PG12,"121",48596.999999,Wau Rural,Wau Rural LLG,Wau-Waria District,Morobe,146.7687282933,-7.4730809218
17821820.74131662771,Wau/Bulolo Urban LLG,PG120104,Bulolo District,PG1201,Morobe Province,PG12,"45",21028.000000,Wau/Bulolo Urban,Wau/Bulolo Urban LLG,Bulolo District,Morobe,146.6656293658,-7.2450955840
1616084449.21461892128,Weraura Rural LLG,PG050103,Alotau District,PG0501,Milne Bay Province,PG05,"63",20834.000000,Weraura Rural,Weraura Rural LLG,Alotau District,Milne Bay Province,149.8675047302,-10.0950721071
1912805979.06496548653,West Aitape Rural LLG,PG150103,Aitape/Lumi District,PG1501,West Sepik (Sandaun) Province,PG15,"31",28689.000000,West Aitape Rural,West Aitape Rural LLG,Aitape/Lumi District,West Sepik (Sandaun),141.9337988128,-3.1582112452
739710026.86084496975,West Ferguson Rural LLG,PG050414,Esa'ala District,PG0504,Milne Bay Province,PG05,"26",38891.000000,West Ferguson Rural,West Ferguson Rural LLG,Esa'ala District,Milne Bay Province,150.5671918639,-9.4999357504
11044560478.03807067871,West Kikori Rural LLG,PG020210,Kikori District,PG0202,Gulf Province,PG02,"43",15699.000000,West Kikori Rural,West Kikori Rural LLG,Kikori District,Gulf Province,143.7412629525,-7.2525799992
846020353.73086404800,West Okapa Rural LLG,PG110722,Okapa District,PG1107,Eastern Highlands Province,PG11,"95",19192.073700,West Okapa Rural,West Okapa Rural LLG,Okapa District,Eastern Highlands,145.4057806929,-6.6115061653
1734296355.21227359772,West Pomio/Mamusi Rural LLG,PG180314,Pomio District,PG1803,East New Britain Province,PG18,"85",17578.000000,West Pomio/Mamusi Rural,West Pomio/Mamusi Rural LLG,Pomio District,East New Britain,151.1737651771,-5.7266852458
951638327.33301198483,West Wapei Rural LLG,PG150104,Aitape/Lumi District,PG1501,West Sepik (Sandaun) Province,PG15,"56",17253.000000,West Wapei Rural,West Wapei Rural LLG,Aitape/Lumi District,West Sepik (Sandaun),141.9150377659,-3.4088510350
219147160.39176642895,West Yangoru Rural LLG,PG140626,Yangoru Saussia District,PG1406,East Sepik Province,PG14,"41",21996.000001,West Yangoru Rural,West Yangoru Rural LLG,Yangoru Saussia District,East Sepik,143.2205463061,-3.6252351563
159969975.97772383690,Wewak Islands Rural LLG,PG140416,Wewak District,PG1404,East Sepik Province,PG14,"59",13823.000000,Wewak Islands Rural,Wewak Islands Rural LLG,Wewak District,East Sepik,143.7850534185,-3.3462677420
392569197.78363662958,Wewak Rural LLG,PG140417,Wewak District,PG1404,East Sepik Province,PG14,"51",26922.000001,Wewak Rural LLG,Wewak Rural LLG,Wewak District,East Sepik,143.5985145557,-3.6087087307
19355255.45283369720,Wewak Urban LLG,PG140418,Wewak District,PG1404,East Sepik Province,PG14,"74",52094.000000,Wewak Urban,Wewak Urban LLG,Wewak District,East Sepik,143.6491925442,-3.5754879493
943242369.16837871075,Wiru Rural LLG,PG070104,Ialibu/Pangia District,PG0701,Southern Highlands Province,PG07,"134",36876.000000,Wiru Rural,Wiru Rural LLG,Ialibu/Pangia District,Southern Highlands,144.3205937512,-6.4761658715
3423717504.14654350281,Woitape Rural LLG,PG030206,Goilala District,PG0302,Central Province,PG03,"62",32037.000001,Woitape Rural,Woitape Rural LLG,Goilala District,Central,147.2689850092,-8.6226545307
695869248.23845076561,Yabim Mape Rural LLG,PG120208,Finschafen District,PG1202,Morobe Province,PG12,"57",21074.810073,Yabim Mape Rural,Yabim Mape Rural LLG,Finschafen District,Morobe,147.6875434215,-6.5926138554
280330204.90982091427,Yagaria Rural LLG,PG110521,Lufa District,PG1105,Eastern Highlands Province,PG11,"84",30562.774441,Yagaria Rural,Yagaria Rural LLG,Lufa District,Eastern Highlands,145.4312228145,-6.3329037094
1248659376.83941125870,Yaleyemba Rural LLG,PG050210,Samarai-Murua District,PG0502,Milne Bay Province,PG05,"75",101016.000002,Yaleyemba Rural,Yaleyemba Rural LLG,Samarai-Murua District,Milne Bay Province,153.5962793723,-11.4401579932
336379640.34662520885,Yamil/Tamaui Rural LLG,PG140313,Maprik District,PG1403,East Sepik Province,PG14,"38",25671.000001,Yamil/Tamaui Rural,Yamil/Tamaui Rural LLG,Maprik District,East Sepik,143.1219361576,-3.6842116801
754690024.37839710712,Yangkok Rural LLG,PG150207,Nuku District,PG1502,West Sepik (Sandaun) Province,PG15,"57",30146.000001,Yangkok Rural,Yangkok Rural LLG,Nuku District,West Sepik (Sandaun),142.1837927897,-3.5687110557
4139792577.36552953720,Yapsie Rural LLG,PG150311,Telefomin District,PG1503,West Sepik (Sandaun) Province,PG15,"42",8664.000000,Yapsie Rural,Yapsie Rural LLG,Telefomin District,West Sepik (Sandaun),141.1952333287,-4.6412633485
2237436779.88705301285,Yawar Rural LLG,PG130103,Bogia District,PG1301,Madang Province,PG13,"125",65892.000000,Yawar Rural,Yawar Rural LLG,Bogia District,Madang,144.7508778444,-4.3200445050
2120768084.77917122841,Yelia Rural LLG,PG110609,Obura/Wonenara District,PG1106,Eastern Highlands Province,PG11,"126",10574.000000,Yelia Rural,Yelia Rural LLG,Obura/Wonenara District,Eastern Highlands,145.7392126796,-6.9109123259
87720493.60432164371,Yonggomugl Rural LLG,PG100619,Sina Sina Yonggomugl District,PG1006,Chimbu (Simbu) Province,PG10,"58",33759.000000,Yonggomugl Rural,Yonggomugl Rural LLG,Sina Sina Yonggomugl District,Chimbu (Simbu),145.0385181254,-6.0103366320
2336997106.57506322861,Yuat Rural LLG,PG140209,Angoram District,PG1402,East Sepik Province,PG14,"35",18186.999999,Yuat Rural,Yuat Rural LLG,Angoram District,East Sepik,143.8560523003,-4.6576367856
1297093235.25721359253,Yus Rural LLG,PG120414,Kabwum District,PG1204,Morobe Province,PG12,"37",16490.000000,Yus Rural,Yus Rural LLG,Kabwum District,Morobe,146.7408083159,-6.0735201007
